{
  "project_info": {
    "project_number": "56176862535",
    "project_id": "phar-del",
    "storage_bucket": "phar-del.appspot.com"
  },
  "client": [
    {
      "client_info": {
        "mobilesdk_app_id": "1:56176862535:android:466c4864ddb963ab92d862",
        "android_client_info": {
          "package_name": "com.example.phar_del"
        }
      },
      "oauth_client": [
        {
          "client_id": "56176862535-etotjfqivgu2ipdgb79af4b0mdvs6jaa.apps.googleusercontent.com",
          "client_type": 1,
          "android_info": {
            "package_name": "com.example.phar_del",
            "certificate_hash": "a5e4eef233aec1ff9a4d4c13cce2806057b7a3f7"
          }
        },
        {
          "client_id": "56176862535-sttsjk91p970c7njiu54v5b2vakjcuuo.apps.googleusercontent.com",
          "client_type": 3
        }
      ],
      "api_key": [
        {
          "current_key": "AIzaSyAUXtqxyXOXjJ-BTBLO__FEMOqIzYUdCrc"
        }
      ],
      "services": {
        "appinvite_service": {
          "other_platform_oauth_client": [
            {
              "client_id": "56176862535-sttsjk91p970c7njiu54v5b2vakjcuuo.apps.googleusercontent.com",
              "client_type": 3
            }
          ]
        }
      }
    }
  ],
  "configuration_version": "1"
}